product_name,price_tag,currency (IDR),link_product
Nike Court Legacy Next Nature White Photo Blue,350000,IDR,https://www.kickavenue.com/sneakers/nike/nike-court-legacy-next-nature-white-photo-blue-fq8226-101-ka/108678?from=search
Nike Court Royale Triple White (Women's),390000,IDR,https://www.kickavenue.com/sneakers/nike/nike-court-royale-triple-white-w-whitewhite-white-ka/43166?from=search
Nike Court Vision Low Next Nature White Phantom,400000,IDR,https://www.kickavenue.com/sneakers/nike/nike-court-vision-low-next-nature-white-phantom-hf1741-001-ka/103736?from=search
Nike Giannis Immortality 3EP Photo Blue,450000,IDR,https://www.kickavenue.com/sneakers/nike/nike-giannis-immortality-3ep-photo-blue-dz7534-400-ka/111212?from=search
Nike Court Vision Low Next Nature White Burgundy Crush,450000,IDR,https://www.kickavenue.com/sneakers/nike/nike-court-vision-low-next-nature-white-burgundy-crush-dh2987-113-ka/112436?from=search
Nike Court Vision Low White,450000,IDR,https://www.kickavenue.com/sneakers/nike/nike-court-vision-low-white-dh2987-100-ka/37303?from=search
Puma Suede Sophia Webster Fiery Coral (Women's),500000,IDR,https://www.kickavenue.com/sneakers/puma/puma-suede-sophia-webster-fiery-coral-w-369516-01-ka/96239?from=search
Nike Court Borough Low Recraft White Pink Foam (Grade School),500000,IDR,https://www.kickavenue.com/sneakers/nike/nike-court-borough-low-recraft-white-pink-foam-gs-dv5456-105-ka/64084?from=search
Nike Ebernon Low Premium Wolf Grey,540000,IDR,https://www.kickavenue.com/sneakers/nike/nike-ebernon-low-premium-wolf-grey-aq1774-102-ka/39356?from=search
Nike Court Vision Low Next Nature White Black,550000,IDR,https://www.kickavenue.com/sneakers/nike/nike-court-vision-low-next-nature-white-black-dh2987-101-ka/28864?from=search
Nike Air Force 1 '07 White Picante Red,550000,IDR,https://www.kickavenue.com/sneakers/nike/nike-air-force-1-07-white-picante-red-dv0788-102-ka/70815?from=search
New Balance 550 White Grey (Grade School),600000,IDR,https://www.kickavenue.com/sneakers/new-balance/new-balance-550-white-grey-gs-gsb550pb-ka-2/37064?from=search
Nike Court Vision Low Wolf Grey Carbon,600000,IDR,https://www.kickavenue.com/sneakers/nike/nike-court-vision-low-wolf-grey-carbon-fq7669-001-ka/96546?from=search
Nike Court Vision Low Sail Gum Light Brown,600000,IDR,https://www.kickavenue.com/sneakers/nike/nike-court-vision-low-sail-gum-light-brown-hf1068-133-ka/95955?from=search
New Balance 550 Triple White,610000,IDR,https://www.kickavenue.com/sneakers/new-balance/new-balance-550-triple-white-bb550www-ka/63265?from=search
Nike Court Vision Low Sail Orewood Brown,640000,IDR,https://www.kickavenue.com/sneakers/nike/nike-court-vision-low-sail-orewood-brown-fq8075-133-ka/73679?from=search
Vans Era Market Black,650000,IDR,https://www.kickavenue.com/sneakers/vans/vans-era-market-black-vn0a5jmlb0k-ka/57031?from=search
New Balance 550 Chicago,680000,IDR,https://www.kickavenue.com/sneakers/new-balance/new-balance-550-chicago-bb550str-ka/79096?from=search
Nike Tech Hera White Black (Women's),690000,IDR,https://www.kickavenue.com/sneakers/nike/nike-tech-hera-white-black-w-dr9761-101-ka/75355?from=search
Nike Court Vision Low White Adobe Red (Women's),700000,IDR,https://www.kickavenue.com/sneakers/nike/nike-court-vision-low-white-adobe-red-w-fq7628-100-ka/96545?from=search
Nike Dunk Low Clear Jade,700000,IDR,https://www.kickavenue.com/sneakers/nike/nike-dunk-low-clear-jade-dv0833-101-ka/64654?from=search
New Balance 550 Pink White (Women's),750000,IDR,https://www.kickavenue.com/sneakers/new-balance/new-balance-550-pink-white-w-bbw550bp-ka/68202?from=search
New Balance 327 Dove Grey Military Green (Women's),750000,IDR,https://www.kickavenue.com/sneakers/new-balance/new-balance-327-dove-grey-military-green-w-ws327ps-ka/94758?from=search
Converse Chuck Taylor All-Star 70's High Black,750000,IDR,https://www.kickavenue.com/sneakers/converse/converse-chuck-taylor-all-star-70s-high-black-162050c-ka/1191?from=search
Nike Air Zoom GT Cut 2 TB Black White,800000,IDR,https://www.kickavenue.com/sneakers/nike/nike-air-zoom-gt-cut-2-tb-black-white-dj6015-006-ka-2/90295?from=search
Puma Palermo Brown Mushroom Ginger Tea,800000,IDR,https://www.kickavenue.com/sneakers/puma/puma-palermo-brown-mushroom-ginger-tea-396463-03-ka/108472?from=search
Nike Dunk Low Halloween (2022) (Grade School),800000,IDR,https://www.kickavenue.com/sneakers/nike/nike-dunk-low-halloween-2022-gs-dq6215-001-ka/39572?from=search
Nike Gamma White Smoke Grey (Women's),800000,IDR,https://www.kickavenue.com/sneakers/nike/nike-gamma-white-smoke-grey-w-dx9176-109-ka/103360?from=search
New Balance 530 White Green Metallic,800000,IDR,https://www.kickavenue.com/sneakers/new-balance/new-balance-530-white-green-metallic-mr530rb-ka/96227?from=search
Adidas Yeezy Slide Azure,840000,IDR,https://www.kickavenue.com/sneakers/yeezy/yeezy-slide-azure-id4133-ka/38558?from=search
Nike Air Force 1 Low '07 Triple White (2021),840000,IDR,https://www.kickavenue.com/sneakers/nike/nike-air-force-1-07-triple-white-2021-cw2288-111-ka/16843?from=search
Nike Killshot 2 J Crew Sail Midnight Navy,840000,IDR,https://www.kickavenue.com/sneakers/nike/nike-killshot-2-j-crew-sail-midnight-navy-432997-107-ka/3081?from=search
Adidas Samba Classic Black,850000,IDR,https://www.kickavenue.com/sneakers/adidas/adidas-samba-classic-black-034563-ka/42392?from=search
Nike Air Force 1 Low '07 Fresh White,850000,IDR,https://www.kickavenue.com/sneakers/nike/nike-air-force-1-low-07-fresh-white-dm0211-100-ka/34848?from=search
Nike Initiator White Metallic Silver (Women's),850000,IDR,https://www.kickavenue.com/sneakers/nike/nike-initiator-white-metallic-silver-w-fq6873-101-ka/87571?from=search
New Balance 550 Vintage Grey,890000,IDR,https://www.kickavenue.com/sneakers/new-balance/new-balance-550-vintage-grey-bb550vgb-ka/96255?from=search
Nike Dunk Low Year Of The Dragon (Grade School),890000,IDR,https://www.kickavenue.com/sneakers/nike/nike-dunk-low-year-of-the-dragon-gs-fz5528-101-ka/79215?from=search
Puma Suede Archive Remastered,900000,IDR,https://www.kickavenue.com/sneakers/puma/puma-suede-archive-remastered-389462-01-ka/109002?from=search
Vans Era Mother Earth,910000,IDR,https://www.kickavenue.com/sneakers/vans/vans-era-mother-earth-vn0a4u39wz2-ka/57032?from=search
Adidas Yeezy Foam RNR MX Cinder,920000,IDR,https://www.kickavenue.com/sneakers/yeezy/adidas-yeezy-foam-rnr-mx-cinder-id4126-ka/61722?from=search
Nike Air Force 1 '07 Fresh White,930000,IDR,https://www.kickavenue.com/sneakers/nike/nike-air-force-1-07-fresh-white-dm0211-002-ka/76120?from=search
New Balance 530 Steel Grey,950000,IDR,https://www.kickavenue.com/sneakers/new-balance/new-balance-530-steel-grey-mr530ka-ka-2/34089?from=search
Nike Giannis Immortality 4 EP Black Raspberry,950000,IDR,https://www.kickavenue.com/sneakers/nike/nike-giannis-immortality-4-ep-black-raspberry-fq3681-500-ka/113412?from=search
Nike Dunk Low Championship Red (2021),950000,IDR,https://www.kickavenue.com/sneakers/nike/nike-dunk-low-championship-red-2021-dd1391-600-ka/24925?from=search
Nike Dunk Low Retro White Black Panda,950000,IDR,https://www.kickavenue.com/sneakers/nike/nike-dunk-low-retro-white-black-panda-dd1391-100-ka/17266?from=search
Nike Air Max Plus Black Suede Silver (Women's),970000,IDR,https://www.kickavenue.com/sneakers/nike/nike-air-max-plus-black-suede-silver-w-dq0850-001-ka/77338?from=search
Nike Air Force 1 '07 Sail And Limestone (Women's),990000,IDR,https://www.kickavenue.com/sneakers/nike/nike-air-force-1-07-sail-and-limestone-w-hf4263-133-ka/103727?from=search
Vans Vault Knu Skool Black White,990000,IDR,https://www.kickavenue.com/sneakers/vans/vans-vault-knu-skool-black-white-vn0009qc6bt-ka/58101?from=search
Nike Air Force 1 '07 White (Women's),990000,IDR,https://www.kickavenue.com/sneakers/nike/nike-air-force-1-07-triple-white-w-dd8959-100-ka/16882?from=search
Nike Initiator Light Bone Grey,1000000,IDR,https://www.kickavenue.com/sneakers/nike/nike-initiator-light-bone-grey-hq1179-001-ka/114622?from=search
Air Jordan 1 Retro High Light Smoke Grey,1000000,IDR,https://www.kickavenue.com/sneakers/air-jordan/jordan-1-retro-high-light-smoke-grey-555088-126-ka-2/9301?from=search
Puma Palermo Leather White Archive Green Gum,1000000,IDR,https://www.kickavenue.com/sneakers/puma/puma-palermo-leather-white-archive-green-gum-396464-07-ka/112250?from=search
Yeezy Boost 350 V2 Bred (Black/Red),1000000,IDR,https://www.kickavenue.com/sneakers/yeezy/yeezy-boost-350-v2-bred-blackred-cp9652-ka/903?from=search
Nike Air Max 97 White Wolf Grey,1000000,IDR,https://www.kickavenue.com/sneakers/nike/nike-air-max-97-white-wolf-grey-921826-101-ka/1286?from=search
Air Jordan 1 Low Bred Toe 2.0,1000000,IDR,https://www.kickavenue.com/sneakers/air-jordan/air-jordan-1-low-bred-toe-20-553558-161-ka/72513?from=search
Air Jordan 1 Retro High OG Heirloom,1000000,IDR,https://www.kickavenue.com/sneakers/air-jordan/jordan-1-retro-high-og-heirloom-555088-202-ka-2/37629?from=search
New Balance 530 Ivory,1000000,IDR,https://www.kickavenue.com/sneakers/new-balance/new-balance-530-ivory-mr530sh-ka-2/33682?from=search
Nike Dunk Low Grey Fog,1000000,IDR,https://www.kickavenue.com/sneakers/nike/nike-dunk-low-grey-fog-dd1391-103-ka/26263?from=search
ASICS Gel Contend 4 Beige Lotus Root (Women's),1010000,IDR,https://www.kickavenue.com/sneakers/asics/asics-gel-contend-4-beige-lotus-root-w-t8d9q-106-ka/100088?from=search
Nike V2K Run Light Bone Metallic Platinum (Women's),1070000,IDR,https://www.kickavenue.com/sneakers/nike/nike-v2k-run-light-bone-metallic-platinum-w-fz3596-072-ka/80142?from=search
Adidas Yeezy Slide Slate Marine,1070000,IDR,https://www.kickavenue.com/sneakers/adidas/adidas-yeezy-slide-slate-marine-id2349-ka/67939?from=search
New Balance 530 White Moonbeam,1100000,IDR,https://www.kickavenue.com/sneakers/new-balance/new-balance-530-white-beige-mr530aa1-ka/59021?from=search
Onitsuka Tiger Mexico 66 Slip-On Birch Midnight,1100000,IDR,https://www.kickavenue.com/sneakers/onitsuka-tiger/onitsuka-tiger-mexico-66-slip-on-birch-midnight-1183a360-205-ka/108295?from=search
Adidas Campus 00's Core Black,1100000,IDR,https://www.kickavenue.com/sneakers/adidas/adidas-campus-00s-core-black-hq8708-ka/59619?from=search
Nike P-6000 Phantom Obsidian,1100000,IDR,https://www.kickavenue.com/sneakers/nike/nike-p-6000-phantom-obsidian-cd6404-018-ka/108672?from=search
Air Jordan 1 Retro Low OG University Red,1100000,IDR,https://www.kickavenue.com/sneakers/air-jordan/air-jordan-1-retro-low-og-university-red-cz0790-161-ka/72828?from=search
Nike Dunk Low Redwood,1100000,IDR,https://www.kickavenue.com/sneakers/nike/nike-dunk-low-redwood-dv0833-115-ka/113678?from=search
Adidas Campus 00's Dark Green Cloud White,1110000,IDR,https://www.kickavenue.com/sneakers/adidas/adidas-campus-00s-dark-green-cloud-white-h03472-ka/59620?from=search
Puma Palermo Leather White Club Red,1110000,IDR,https://www.kickavenue.com/sneakers/puma/puma-palermo-leather-white-club-red-396464-05-ka/112261?from=search
Vans Rowan Olive Black,1140000,IDR,https://www.kickavenue.com/sneakers/vans/vans-rowan-olive-black-vn0a5jicbiq-ka/76749?from=search
New Balance 480 Castlerock Rain Cloud,1150000,IDR,https://www.kickavenue.com/sneakers/new-balance/new-balance-480-castlerock-rain-cloud-bb480lec-ka/105657?from=search
Air Jordan 1 Low Vintage Grey,1150000,IDR,https://www.kickavenue.com/sneakers/air-jordan/jordan-1-low-vintage-grey-553558-053-ka-2/34822?from=search
New Balance 530 Silver Cream,1160000,IDR,https://www.kickavenue.com/sneakers/new-balance/new-balance-530-silver-cream-mr530ta-ka/71610?from=search
Puma Palermo Alpine Snow,1160000,IDR,https://www.kickavenue.com/sneakers/puma/puma-palermo-alpine-snow-396463-11-ka/108346?from=search
Adidas Handball Spezial Core Black,1160000,IDR,https://www.kickavenue.com/sneakers/adidas/adidas-handball-spezial-core-black-ih9983-ka/104035?from=search
Nike Dunk Low Next Nature Beige Sail (Women's),1170000,IDR,https://www.kickavenue.com/sneakers/nike/nike-dunk-low-next-nature-beige-sail-w-dd1873-200-ka/69689?from=search
Puma Palermo Leather Black Feather Grey Gum,1170000,IDR,https://www.kickavenue.com/sneakers/puma/puma-palermo-leather-black-feather-grey-gum-396464-03-ka/108474?from=search
Yeezy Slide Onyx,1180000,IDR,https://www.kickavenue.com/sneakers/yeezy/yeezy-slide-onyx-hq6448-ka/30407?from=search
Puma Palermo Leather White Vapor Grey Gum,1180000,IDR,https://www.kickavenue.com/sneakers/puma/puma-palermo-leather-white-vapor-grey-gum-396464-01-ka/79299?from=search
New Balance 530 White Navy,1190000,IDR,https://www.kickavenue.com/sneakers/new-balance/jordan-jordan-westbrook-one-take-black-mr530ba-ka/94868?from=search
Adidas Campus 00s Grey White,1190000,IDR,https://www.kickavenue.com/sneakers/adidas/adidas-campus-00s-grey-white-hq8707-ka/57880?from=search
Nike P-6000 Triple Black,1200000,IDR,https://www.kickavenue.com/sneakers/nike/nike-p-6000-triple-black-hf1052-010-ka/103975?from=search
Nike Dunk Low Next Nature Aster Pink (Women's),1200000,IDR,https://www.kickavenue.com/sneakers/nike/nike-dunk-low-next-nature-aster-pink-w-dd1873-600-ka/110989?from=search
Salomon XT-6 White Lunar Rock,1200000,IDR,https://www.kickavenue.com/sneakers/salomon/salomon-xt-6-white-lunar-rock-412529l41252900-ka/58552?from=search
Yeezy Boost 350 V2 Carbon,1200000,IDR,https://www.kickavenue.com/sneakers/yeezy/yeezy-boost-350-v2-carbon-fz5000-ka/12633?from=search
Nike Dunk Low Cacao Wow (Women's),1200000,IDR,https://www.kickavenue.com/sneakers/nike/nike-dunk-low-cacao-wow-w-dd1503-124-ka/63283?from=search
Adidas Samba XLG Black White Gum,1200000,IDR,https://www.kickavenue.com/sneakers/adidas/adidas-samba-xlg-black-white-gum-ie1379-ka/108705?from=search
Air Jordan 1 Low Bulls,1200000,IDR,https://www.kickavenue.com/sneakers/air-jordan/jordan-1-low-bulls-553558-163-ka-2/31996?from=search
Nike Air Force 1 '07 LV8 Coconut Milk Red,1200000,IDR,https://www.kickavenue.com/sneakers/nike/nike-air-force-1-07-lv8-coconut-milk-red-hq3612-113-ka/113806?from=search
Nike Air Max Plus Phantom Cargo Khaki,1210000,IDR,https://www.kickavenue.com/sneakers/nike/nike-air-max-plus-phantom-cargo-khaki-fb9722-001-ka/76859?from=search
Nike P-6000 Black Anthracite,1220000,IDR,https://www.kickavenue.com/sneakers/nike/nike-p-6000-black-anthracite-fq8732-010-ka/74853?from=search
Vans Knu Skool Black True White (Pre-School),1230000,IDR,https://www.kickavenue.com/sneakers/vans/vans-knu-skool-black-true-white-ps-vn000cyu6bt-ka/108680?from=search
ASICS Gel Kahana 8 Graphite Grey Sheet Rock,1240000,IDR,https://www.kickavenue.com/sneakers/asics/asics-gel-kahana-8-graphite-grey-sheet-rock-1011b387-021-ka-2/100267?from=search
Nike SB Dunk Low Sandy Bodecker,1250000,IDR,https://www.kickavenue.com/sneakers/nike/nike-sb-dunk-low-sandy-bodecker-fd8777100/41573?from=search
Nike Dunk Low Night Maroon,1250000,IDR,https://www.kickavenue.com/sneakers/nike/nike-dunk-low-night-maroon-dv0831-102-ka/56724?from=search
Nike Air Force 1 Low Year Of The Dragon Platinum Violet (Women's),1250000,IDR,https://www.kickavenue.com/sneakers/nike/nike-air-force-1-low-year-of-the-dragon-platinum-violet-w-fz5066-111-ka/78239?from=search
Adidas Predator 24 League Low Freestyle Core Black,1250000,IDR,https://www.kickavenue.com/sneakers/adidas/adidas-predator-24-league-low-freestyle-core-black-if1025-ka/103403?from=search
Nike Dunk Low Valerian Blue,1250000,IDR,https://www.kickavenue.com/sneakers/nike/nike-dunk-low-valerian-blue-dd1391-400-ka/32157?from=search
Adidas Gazelle Indoor Sand Strata Legend Ivy Gum,1260000,IDR,https://www.kickavenue.com/sneakers/adidas/adidas-gazelle-indoor-sand-strata-legend-ivy-gum-ji2584-ka/112210?from=search
Crocs Classic Clog Patrick Star,1260000,IDR,https://www.kickavenue.com/sneakers/crocs/crocs-classic-clog-patrick-star-209479-737-ka/105376?from=search
Nike P-6000 Platinum Tint Black,1270000,IDR,https://www.kickavenue.com/sneakers/nike/nike-p-6000-platinum-tint-black-hj3488-001-ka/104878?from=search
Nike Vomero 5 Sail Light Orewood Brown (Women's),1270000,IDR,https://www.kickavenue.com/sneakers/nike/nike-vomero-5-sail-light-orewood-brown-w-fq6868-111-ka/73668?from=search
Nike Dunk Low Next Nature Summit White Baroque Brown,1280000,IDR,https://www.kickavenue.com/sneakers/nike/nike-dunk-low-next-nature-summit-white-baroque-brown-hf4292-100-ka/107950?from=search
Nike P-6000 Flat Pewter,1280000,IDR,https://www.kickavenue.com/sneakers/nike/nike-p-6000-flat-pewter-fn7509-029-ka/72889?from=search
Nike Dunk Low University Red St John,1290000,IDR,https://www.kickavenue.com/sneakers/nike/nike-dunk-low-university-red-st-john-cu1727-100-ka/8705?from=search
Nike Air Force 1 Low Color Of The Month Jewel Black,1290000,IDR,https://www.kickavenue.com/sneakers/nike/nike-air-force-1-low-color-of-the-month-jewel-black-fn5924-001-ka/77796?from=search
Air Jordan 1 Retro High OG Black White,1300000,IDR,https://www.kickavenue.com/sneakers/air-jordan/air-jordan-1-retro-high-og-black-white-dz5485-010-ka/78849?from=search
Air Jordan 1 Low Panda (2023) (Women's),1300000,IDR,https://www.kickavenue.com/sneakers/air-jordan/jordan-1-low-panda-2023-w-dc0774-101-ka/58424?from=search
Onitsuka Tiger Mexico 66 White Dusty Pink,1300000,IDR,https://www.kickavenue.com/sneakers/onitsuka-tiger/onitsuka-tiger-mexico-66-white-dusty-pink-1183b781-104-ka/108279?from=search
Puma Suede XL Ocean Tropic,1300000,IDR,https://www.kickavenue.com/sneakers/puma/puma-suede-xl-ocean-tropic-395205-06-ka/112117?from=search
Nike Dunk Low Next Nature Bicoastal (Women's),1300000,IDR,https://www.kickavenue.com/sneakers/nike/nike-dunk-low-next-nature-bicoastal-w-dd1873-107-ka/96718?from=search
Air Jordan 1 Mid Black White Gym Red,1300000,IDR,https://www.kickavenue.com/sneakers/air-jordan/air-jordan-1-mid-black-white-gym-red-dq8426-061-ka/109633?from=search
Puma Suede XL Black White,1300000,IDR,https://www.kickavenue.com/sneakers/puma/puma-suede-xl-black-white-395205-02-ka/108550?from=search
Air Jordan 1 Low Midnight Navy,1300000,IDR,https://www.kickavenue.com/sneakers/air-jordan/air-jordan-1-low-midnight-navy-553558-141-ka/107943?from=search
Puma Palermo Vintage Black Frosted Ivory,1310000,IDR,https://www.kickavenue.com/sneakers/puma/puma-palermo-vintage-black-frosted-ivory-396841-04-ka/112266?from=search
New Balance 530 White Silver Navy,1310000,IDR,https://www.kickavenue.com/sneakers/new-balance/new-balance-530-white-silver-navy-mr530sg-ka-2/31647?from=search
Puma Suede XL Team Royal,1310000,IDR,https://www.kickavenue.com/sneakers/puma/puma-suede-xl-team-royal-395205-01-ka/108512?from=search
Adidas Samba OG Cream White Preloved Fig (Women's),1340000,IDR,https://www.kickavenue.com/sneakers/adidas/adidas-samba-og-cream-white-preloved-fig-w-ie1417-ka/107679?from=search
Air Jordan 1 Low Inside Out Black,1350000,IDR,https://www.kickavenue.com/sneakers/air-jordan/jordan-1-low-inside-out-black-dn1635-001-ka-2/37191?from=search
Air Jordan 1 Low SE White Glacier Blue (Women's),1350000,IDR,https://www.kickavenue.com/sneakers/air-jordan/air-jordan-1-low-se-white-glacier-blue-w-hm3706-141-ka/109644?from=search
Nike Zoom Vomero 5 Valentine's Day (Women's),1360000,IDR,https://www.kickavenue.com/sneakers/nike/nike-zoom-vomero-5-valentines-day-w-hf0737-111-ka/96051?from=search
New Balance 530 White Silver Metallic,1370000,IDR,https://www.kickavenue.com/sneakers/new-balance/new-balance-530-white-silver-metallic-mr530ad-ka/58499?from=search
Vans Knu Skool Retro Color Brown,1370000,IDR,https://www.kickavenue.com/sneakers/vans/vans-knu-skool-retro-color-brown-vn0009qcbf2-ka/111638?from=search
New Balance 1906R Black Cream,1380000,IDR,https://www.kickavenue.com/sneakers/new-balance/new-balance-1906r-black-cream-m1906rk-ka-2/42093?from=search
Puma Palermo Vine Clementine,1380000,IDR,https://www.kickavenue.com/sneakers/puma/puma-palermo-vine-clementine-396463-05-ka/108470?from=search
Air Jordan 1 Low Wolf Grey (Women's),1380000,IDR,https://www.kickavenue.com/sneakers/air-jordan/jordan-1-low-wolf-grey-w-dc0774-105-ka-2/24000?from=search
Air Jordan 1 Retro High OG Hyper Royal Smoke Grey,1400000,IDR,https://www.kickavenue.com/sneakers/air-jordan/jordan-1-retro-high-og-hyper-royal-smoke-grey-555088-402-ka-2/17894?from=search
Air Jordan 1 Low Iron Grey,1400000,IDR,https://www.kickavenue.com/sneakers/air-jordan/air-jordan-1-low-iron-grey-553558-152-ka/109933?from=search
Adidas Samba Decon White Black Gum,1400000,IDR,https://www.kickavenue.com/sneakers/adidas/adidas-samba-decon-white-black-gum-if0642-ka/98498?from=search
Nike Air Force 1 Ess Sail Black (Women's),1410000,IDR,https://www.kickavenue.com/sneakers/nike/nike-air-force-1-ess-sail-black-w-hf1058-133-ka/103719?from=search
Adidas NMD R1 Japan Boost Grey,1430000,IDR,https://www.kickavenue.com/sneakers/adidas/adidas-nmd-r1-japan-boost-grey-s81849-ka/88?from=search
ASICS Skyhand OG White Black Gum,1430000,IDR,https://www.kickavenue.com/sneakers/asics/asics-skyhand-og-white-black-gum-1203a451-101-ka/113845?from=search
Adidas Samba OG Black Embroidered Floral (Women's),1430000,IDR,https://www.kickavenue.com/sneakers/adidas/adidas-samba-og-black-embroidered-floral-w-if4397-ka/110433?from=search
Crocs Classic Clog Toy Story Buzz Lightyear,1440000,IDR,https://www.kickavenue.com/sneakers/crocs/crocs-classic-clog-toy-story-buzz-lightyear-209545-0id-ka/96457?from=search
New Balance 1906R Grey Day,1450000,IDR,https://www.kickavenue.com/sneakers/new-balance/new-balance-1906r-grey-day-m1906rgr-ka/105452?from=search
Nike Dunk Low LX Year Of Dragon Dusty Cactus (Women's),1460000,IDR,https://www.kickavenue.com/sneakers/nike/nike-dunk-low-lx-year-of-dragon-dusty-cactus-w-fz5065-111-ka/74324?from=search
Nike P-6000 Metallic Silver Sail,1470000,IDR,https://www.kickavenue.com/sneakers/nike/nike-p-6000-metallic-silver-sail-cn0149-001-ka/78213?from=search
Air Jordan 1 High Zoom Air CMFT 2 Particle Grey,1470000,IDR,https://www.kickavenue.com/sneakers/air-jordan/air-jordan-1-high-zoom-air-cmft-2-particle-grey-dv1307-101-ka/92287?from=search
Air Jordan 1 Low Multicolor Sashiko (Women's),1490000,IDR,https://www.kickavenue.com/sneakers/air-jordan/air-jordan-1-low-multicolor-sashiko-w-fv3623-151-ka/75083?from=search
Adidas Samba OG Night Navy Cream,1500000,IDR,https://www.kickavenue.com/sneakers/adidas/adidas-samba-og-night-navy-cream-id2056-ka/71458?from=search
New Balance 1906U Triple Black,1500000,IDR,https://www.kickavenue.com/sneakers/new-balance/new-balance-1906u-triple-black-m1906nj-ka/110330?from=search
Adidas Samba OG Cloud White Core Black,1500000,IDR,https://www.kickavenue.com/sneakers/adidas/adidas-samba-og-cloud-white-core-black-b75806-ka/3743?from=search
Vans Style 36 Stranger Things,1500000,IDR,https://www.kickavenue.com/sneakers/vans/vans-style-36-stranger-things-vn0a3dz3y09-ka-2/37671?from=search
Adidas Handball Spezial Preloved Green,1500000,IDR,https://www.kickavenue.com/sneakers/adidas/adidas-handball-spezial-preloved-green-ig6192-ka/104080?from=search
New Balance 1906R Beige Cream,1520000,IDR,https://www.kickavenue.com/sneakers/new-balance/new-balance-1906r-beige-cream-m1906rl-ka-2/39658?from=search
Adidas Handball Spezial Navy Gum,1520000,IDR,https://www.kickavenue.com/sneakers/adidas/adidas-handball-spezial-navy-gum-bd7633-ka/35358?from=search
Adidas Handball Spezial Clear Pink Arctic Night (Women's),1540000,IDR,https://www.kickavenue.com/sneakers/adidas/adidas-handball-spezial-clear-pink-arctic-night-w-if6561-ka/73678?from=search
New Balance 1906R Urbancore Silver,1540000,IDR,https://www.kickavenue.com/sneakers/new-balance/new-balance-1906r-urbancore-silver-m1906rcb-ka/75104?from=search
New Balance 1906N Team Away Grey,1540000,IDR,https://www.kickavenue.com/sneakers/new-balance/new-balance-1906n-team-away-grey-m1906nb-ka/105478?from=search
Air Jordan 1 Mid SE Paris YMCA,1540000,IDR,https://www.kickavenue.com/sneakers/air-jordan/air-jordan-1-mid-se-paris-ymca-fz4359-200-ka/95731?from=search
New Balance 530 White Magenta,1550000,IDR,https://www.kickavenue.com/sneakers/new-balance/new-balance-530-white-magenta-mr530sgc-ka/108022?from=search
Air Jordan 1 Retro High OG Royal Reimagined,1550000,IDR,https://www.kickavenue.com/sneakers/air-jordan/air-jordan-1-retro-high-og-royal-reimagined-dz5485-042-ka/62931?from=search
New Balance 1906R Silver Metallic Sea Salt,1570000,IDR,https://www.kickavenue.com/sneakers/new-balance/new-balance-1906r-silver-metallic-sea-salt-m1906ree-ka/96268?from=search
adidas Samba Inter Miami CF Messi Pink,1580000,IDR,https://www.kickavenue.com/sneakers/adidas/adidas-samba-inter-miami-cf-messi-pink-ih8158-ka/103614?from=search
Adidas Handball Spezial Sandy Pink Gum (Women's),1600000,IDR,https://www.kickavenue.com/sneakers/adidas/adidas-handball-spezial-sandy-pink-gum-w-ig1977-ka/112339?from=search
Nike P-6000 Black,1600000,IDR,https://www.kickavenue.com/sneakers/nike/nike-p-6000-black-cd6404-002-ka/84736?from=search
New Balance 2002R Vintage Black Grey,1640000,IDR,https://www.kickavenue.com/sneakers/new-balance/new-balance-2002r-vintage-black-grey-m2002rbv-ka/113729?from=search
New Balance 2002R Navy Eclipse,1640000,IDR,https://www.kickavenue.com/sneakers/new-balance/new-balance-2002r-navy-eclipse-m2002rca-ka-2/38514?from=search
Adidas Handball Spezial Black Yellow,1640000,IDR,https://www.kickavenue.com/sneakers/adidas/adidas-handball-spezial-black-yellow-fx5676-ka/74066?from=search
Air Jordan 1 Retro High OG Green Glow,1640000,IDR,https://www.kickavenue.com/sneakers/air-jordan/air-jordan-1-retro-high-og-green-glow-dz5485-130-ka/103936?from=search
Air Jordan 1 Retro High Bloodline,1650000,IDR,https://www.kickavenue.com/sneakers/air-jordan/jordan-1-retro-high-bloodline-555088-062-ka-2/5780?from=search
Air Jordan 1 Low Paris,1650000,IDR,https://www.kickavenue.com/sneakers/air-jordan/jordan-1-low-paris-cv3043-100-ka-2/6982?from=search
New Balance 9060 Rain Cloud Grey,1670000,IDR,https://www.kickavenue.com/sneakers/new-balance/new-balance-9060-rain-cloud-grey-u9060gry-ka-2/38412?from=search
Adidas Gazelle Indoor Shadow Fig (Women's),1670000,IDR,https://www.kickavenue.com/sneakers/adidas/adidas-gazelle-indoor-shadow-fig-w-ih5483-ka/105583?from=search
New Balance 1906R Beige Grey,1680000,IDR,https://www.kickavenue.com/sneakers/new-balance/new-balance-1906r-beige-grey-m1906rfi-ka/111633?from=search
New Balance 1906R White Gold,1680000,IDR,https://www.kickavenue.com/sneakers/new-balance/new-balance-1906r-white-gold-m1906ra-ka-2/36511?from=search
New Balance 1906R White Metallic Gold (Grade School),1690000,IDR,https://www.kickavenue.com/sneakers/new-balance/new-balance-1906r-white-metallic-gold-gs-gc1906ra-ka/111536?from=search
New Balance 1906D Protection Pack Eclipse,1700000,IDR,https://www.kickavenue.com/sneakers/new-balance/jordan-flyknit-elevation-23-red-m1906di-ka/94500?from=search
New Balance 1906R Brighton Grey,1710000,IDR,https://www.kickavenue.com/sneakers/new-balance/new-balance-1906r-brighton-grey-m1906rha-ka/77533?from=search
Nike Dunk Low QS Halloween Skull,1750000,IDR,https://www.kickavenue.com/sneakers/nike/nike-dunk-low-qs-halloween-skull-hv6103-300-ka/114527?from=search
New Balance 1906R Silver Blue,1750000,IDR,https://www.kickavenue.com/sneakers/new-balance/new-balance-1906r-silver-blue-m1906reb-ka/78918?from=search
ASICS Gel-NYC Graphite Grey Smoke Grey,1760000,IDR,https://www.kickavenue.com/sneakers/asics/asics-gel-nyc-graphite-grey-smoke-grey-1203a383-002-ka/79220?from=search
Air Jordan 1 Retro High Golf Bordeaux,1780000,IDR,https://www.kickavenue.com/sneakers/air-jordan/air-jordan-1-retro-high-golf-bordeaux-dq0660-103-ka/64102?from=search
ASICS Gel-NYC White Steel Grey,1790000,IDR,https://www.kickavenue.com/sneakers/asics/asics-gel-nyc-white-steel-grey-1201a789-102-ka/101408?from=search
ASICS Gel-Kayano 14 White Midnight (Women's),1820000,IDR,https://www.kickavenue.com/sneakers/asics/asics-gel-kayano-14-white-midnight-w-1202a056-109-ka/61052?from=search
Onitsuka Tiger Tokuten White Black Gold,1820000,IDR,https://www.kickavenue.com/sneakers/onitsuka-tiger/onitsuka-tiger-tokuten-white-black-gold-1183b938-100-ka/108274?from=search
Adidas Samba OG Black White Gum,1820000,IDR,https://www.kickavenue.com/sneakers/adidas/adidas-samba-og-black-white-gum-b75807-bz0058-ka/57287?from=search
Adidas Handball Spezial Earth Strata (Women's),1830000,IDR,https://www.kickavenue.com/sneakers/adidas/adidas-handball-spezial-earth-strata-w-if6490-ka/107676?from=search
ASICS Gel-NYC Oatmeal Obsidian Grey,1840000,IDR,https://www.kickavenue.com/sneakers/asics/asics-gel-nyc-oatmeal-obsidian-grey-1201a789-250-ka/101405?from=search
Yeezy Boost 700 MNVN Triple Black,1850000,IDR,https://www.kickavenue.com/sneakers/yeezy/yeezy-boost-700-mnvn-triple-black-fv4440-ka/6692?from=search
Air Jordan 1 Mid Black Chile Red White,1870000,IDR,https://www.kickavenue.com/sneakers/air-jordan/jordan-1-mid-black-chile-red-white-554724-075-ka-2/17081?from=search
ASICS Gel-NYC Ivy Smoke Grey,1870000,IDR,https://www.kickavenue.com/sneakers/asics/asics-gel-nyc-ivy-smoke-grey-1203a383-302-ka/79221?from=search
New Balance 1906R Silver Metallic Black,1920000,IDR,https://www.kickavenue.com/sneakers/new-balance/new-balance-1906r-silver-metallic-black-m1906rer-ka/107986?from=search
Adidas Handball Spezial Night Indigo,1920000,IDR,https://www.kickavenue.com/sneakers/adidas/adidas-handball-spezial-night-indigo-if7087-ka/108047?from=search
ASICS Gel-Kayano 14 Earthenware Pack White Sage,1920000,IDR,https://www.kickavenue.com/sneakers/asics/asics-gel-kayano-14-earthenware-pack-white-sage-1203a412-020-ka/77829?from=search
Nike Dunk Low SB Chameleon X Alexis Sablone,1920000,IDR,https://www.kickavenue.com/sneakers/nike/nike-dunk-low-sb-chameleon-x-alexis-sablone-hj3386-300-ka/109900?from=search
New Balance 2002R Grey Black JD Sports Exclusive,1930000,IDR,https://www.kickavenue.com/sneakers/new-balance/new-balance-2002r-grey-black-jd-sports-exclusive-m2002rc1-ka-2/37252?from=search
Adidas Gazelle Indoor Pink Spark Preloved Green (Women's),1930000,IDR,https://www.kickavenue.com/sneakers/adidas/adidas-gazelle-indoor-pink-spark-preloved-green-w-ig6782-ka/109703?from=search
Nike Zoom Vomero 5 Photon Dust Pink Foam (Women's),1940000,IDR,https://www.kickavenue.com/sneakers/nike/nike-zoom-vomero-5-photon-dust-pink-foam-w-hf1877-001-ka/109601?from=search
New Balance 1906R Black Silver Metallic,1950000,IDR,https://www.kickavenue.com/sneakers/new-balance/new-balance-1906r-black-silver-metallic-m1906rch-ka/73686?from=search
Air Jordan 1 High OG Midnight Navy,1970000,IDR,https://www.kickavenue.com/sneakers/air-jordan/air-jordan-1-high-og-midnight-navy-dz5485-401-ka/77729?from=search
Puma Speedcat OG Black White,1990000,IDR,https://www.kickavenue.com/sneakers/puma/puma-speedcat-og-black-white-398846-01-ka/106987?from=search
ASICS Gel-Kayano 14 Birch Dark Pewter,1990000,IDR,https://www.kickavenue.com/sneakers/asics/asics-gel-kayano-14-birch-dark-pewter-1201a019-200-ka/77892?from=search
New Balance 2002R Protection Pack Sea Salt,1990000,IDR,https://www.kickavenue.com/sneakers/new-balance/new-balance-2002r-protection-pack-sea-salt-m2002rdc-ka-2/26020?from=search
Adidas Bali Tactile Steel Dark Marine,2010000,IDR,https://www.kickavenue.com/sneakers/adidas/adidas-bali-tactile-steel-dark-marine-ig6195-ka/96676?from=search
ASICS Gel NYC Cream Mocha,2060000,IDR,https://www.kickavenue.com/sneakers/asics/asics-gel-nyc-cream-mocha-1203a383-103-ka/109722?from=search
Adidas Samba Sporty & Rich White Collegiate Burgundy,2090000,IDR,https://www.kickavenue.com/sneakers/adidas/adidas-samba-sporty-rich-white-collegiate-burgundy-if5660-ka/75410?from=search
On Running Cloud 5 All Black,2090000,IDR,https://www.kickavenue.com/sneakers/on-running/on-running-cloud-5-all-black-59-98986-ka/65997?from=search
Adidas Handball Spezial Shukyu × Ewax Black,2100000,IDR,https://www.kickavenue.com/sneakers/adidas/adidas-handball-spezial-shukyu-x-ewax-black-hp6695-ka/111429?from=search
New Balance 990v4 MiUSA Teddy Santis Marblehead Vintage Indigo,2100000,IDR,https://www.kickavenue.com/sneakers/new-balance/new-balance-990v4-miusa-teddy-santis-marblehead-vintage-indigo-u990ta4-ka/60037?from=search
Nike Kobe 4 Protro Gift of Mamba,2120000,IDR,https://www.kickavenue.com/sneakers/nike/nike-kobe-4-protro-gift-of-mamba-fq3544-001-ka/77401?from=search
Puma LaMelo Ball MB.04 LaFrancé,2130000,IDR,https://www.kickavenue.com/sneakers/puma/puma-lamelo-ball-mb04-lafranc-310697-01-ka/112885?from=search
Nike SB Dunk Low Fog,2130000,IDR,https://www.kickavenue.com/sneakers/nike/nike-sb-dunk-low-fog-bq6817-010-ka/32054?from=search
Puma Speedcat OG Red White,2180000,IDR,https://www.kickavenue.com/sneakers/puma/puma-speedcat-og-red-white-398846-02-ka/106988?from=search
Puma Speedcat OG Team Light Blue,2180000,IDR,https://www.kickavenue.com/sneakers/puma/puma-speedcat-og-team-light-blue-398847-01-ka/114528?from=search
ASICS Gel NYC Black Cream,2190000,IDR,https://www.kickavenue.com/sneakers/asics/asics-gel-nyc-black-cream-1203a663-002-ka/112881?from=search
Air Jordan 1 Retro High OG UNC Toe,2200000,IDR,https://www.kickavenue.com/sneakers/air-jordan/air-jordan-1-retro-high-og-unc-toe-dz5485-400-ka/64107?from=search
Puma Speedcat Archive Haute Coffee,2210000,IDR,https://www.kickavenue.com/sneakers/puma/puma-speedcat-archive-haute-coffee-398847-02-ka/114526?from=search
Nike Air Max Plus Triple Black,2220000,IDR,https://www.kickavenue.com/sneakers/nike/nike-air-max-plus-triple-black-604133-050-ka/5252?from=search
Nike Dunk Low SB Ultra Humanized X THERE Skateboards,2220000,IDR,https://www.kickavenue.com/sneakers/nike/nike-dunk-low-sb-ultra-humanized-x-there-skateboards-hf7743-001-ka/109921?from=search
Air Jordan 1 Retro Low OG Mocha,2250000,IDR,https://www.kickavenue.com/sneakers/air-jordan/air-jordan-1-retro-low-og-mocha-cz0790-102-ka/74323?from=search
Adidas Samba OG Maha Half Green,2260000,IDR,https://www.kickavenue.com/sneakers/adidas/adidas-samba-og-maha-half-green-ie0967-ka/104014?from=search
ASICS Gel NYC Black Coffee,2280000,IDR,https://www.kickavenue.com/sneakers/asics/asics-gel-nyc-black-coffee-1203a663-200-ka/112882?from=search
Air Jordan 1 Retro High Bred Toe,2300000,IDR,https://www.kickavenue.com/sneakers/air-jordan/jordan-1-retro-high-bred-toe-555088-610-ka-2/626?from=search
Adidas Samba OG Día de Muertos Pack Black,2330000,IDR,https://www.kickavenue.com/sneakers/adidas/adidas-samba-og-da-de-muertos-pack-black-ji3932-ka/111626?from=search
Salomon XT-4 OG Aurora Borealis Prairie Sunset,2340000,IDR,https://www.kickavenue.com/sneakers/salomon/salomon-xt-4-og-aurora-borealis-prairie-sunset-l47442200-ka/109159?from=search
Air Jordan 1 Retro High OG Stage Haze,2350000,IDR,https://www.kickavenue.com/sneakers/air-jordan/jordan-1-retro-high-og-stage-haze-555088-108-ka-2/30194?from=search
Crocs Classic Clog Lightning McQueen,2420000,IDR,https://www.kickavenue.com/sneakers/crocs/crocs-classic-clog-lightning-mcqueen-205759-610-ka/68368?from=search
Air Jordan 4 Retro Red Cement,2500000,IDR,https://www.kickavenue.com/sneakers/air-jordan/air-jordan-4-retro-red-cement-dh6927-161-ka/66874?from=search
Adidas Samba OG Día de Muertos Pack Off White,2510000,IDR,https://www.kickavenue.com/sneakers/adidas/adidas-samba-og-da-de-muertos-pack-off-white-ji3931-ka/111627?from=search
adidas Samba OG Maroon Crystal Sand (Women's),2550000,IDR,https://www.kickavenue.com/sneakers/adidas/adidas-samba-og-maroon-crystal-sand-w-if7004-ka/114158?from=search
Salomon XT 4 OG White Ebony,2570000,IDR,https://www.kickavenue.com/sneakers/salomon/salomon-xt-4-og-white-ebony-l47133000-ka/102485?from=search
New Balance 990v4 MiUSA Teddy Santis Grey Black Cream,2600000,IDR,https://www.kickavenue.com/sneakers/new-balance/new-balance-990v4-miusa-teddy-santis-grey-black-cream-u990tg4-ka/98379?from=search
New Balance 1906A Silver Gold Metallic,2610000,IDR,https://www.kickavenue.com/sneakers/new-balance/new-balance-1906a-silver-gold-metallic-m1906ad-ka/112685?from=search
Dr. Martens 1461 Crazy Horse Tan,2650000,IDR,https://www.kickavenue.com/sneakers/dr.-martens/dr-martens-1461-crazy-horse-tan-11838201-ka/79093?from=search
On Running Cloudmonster All Black,2710000,IDR,https://www.kickavenue.com/sneakers/on-running/on-running-cloudmonster-all-black-6199025-ka/78785?from=search
Nike SB Dunk Low Rayssa Leal,2720000,IDR,https://www.kickavenue.com/sneakers/nike/nike-sb-dunk-low-rayssa-leal-fz5251-001-ka/96692?from=search
Nike SB Dunk Low TIGHTBOOTH,2720000,IDR,https://www.kickavenue.com/sneakers/nike/nike-sb-dunk-low-tightbooth-fd2629-100-ka/72632?from=search
Air Jordan 4 Retro Military Blue (2024),2740000,IDR,https://www.kickavenue.com/sneakers/air-jordan/air-jordan-4-retro-military-blue-2024-fv5029-141-ka/103918?from=search
On Running Cloudmonster 2 White Frost,2750000,IDR,https://www.kickavenue.com/sneakers/on-running/on-running-cloudmonster-2-white-frost-3me10120664-ka/111497?from=search
Sparco x Puma Speedcat OG+ Ribbon Red,2770000,IDR,https://www.kickavenue.com/sneakers/puma/sparco-x-puma-speedcat-og-ribbon-red-307171-05-ka/110212?from=search
On Running Cloudmonster All White,2810000,IDR,https://www.kickavenue.com/sneakers/on-running/on-running-cloudmonster-all-white-6198434-ka/78787?from=search
Nike Dunk High Wu-Tang (2024),2910000,IDR,https://www.kickavenue.com/sneakers/nike/nike-dunk-high-wu-tang-2024-hj4320-001-ka/115398?from=search
Adidas Samba Team Argentina,2970000,IDR,https://www.kickavenue.com/sneakers/adidas/adidas-samba-team-argentina-hq7037-ka/39226?from=search
Puma LaMelo Ball LaFrancé Amour Gifted,3000000,IDR,https://www.kickavenue.com/sneakers/puma/puma-lamelo-ball-lafranc-amour-gifted-310867-01-ka/115053?from=search
Jordan 4 Retro White Midnight Navy,3280000,IDR,https://www.kickavenue.com/sneakers/air-jordan/jordan-4-retro-white-midnight-navy-dh6927-140-ka-2/37105?from=search
Adidas Samba Nylon Wales Bonner Wonder Clay Royal,3380000,IDR,https://www.kickavenue.com/sneakers/adidas/adidas-samba-nylon-wales-bonner-wonder-clay-royal-ih7756-ka/105306?from=search
Salomon XT-6 GORE-TEX Black Silver,3650000,IDR,https://www.kickavenue.com/sneakers/salomon/salomon-xt-6-gore-tex-black-silver-l47450600blk-ka/96556?from=search
Adidas Samba Wales Bonner Ecrtin Brown,3770000,IDR,https://www.kickavenue.com/sneakers/adidas/adidas-samba-wales-bonner-ecrtin-brown-id0217-ka/61662?from=search
Air Jordan 4 Retro White Thunder,3800000,IDR,https://www.kickavenue.com/sneakers/air-jordan/air-jordan-4-retro-white-thunder-fq8138-001-ka/111908?from=search
Salomon XT-6 Gore-Tex Black Lunar Rock,4500000,IDR,https://www.kickavenue.com/sneakers/salomon/salomon-xt-6-gore-tex-black-lunar-rock-l41663500-ka/41553?from=search
New Balance 990v6 x Carhartt WIP Sculpture Center,4900000,IDR,https://www.kickavenue.com/sneakers/new-balance/new-balance-990v6-x-carhartt-wip-sculpture-center-m990ch6-ka/73598?from=search
Nike KD 17 Aunt Pearl,5000000,IDR,https://www.kickavenue.com/sneakers/nike/nike-kd-17-aunt-pearl-fz1518-600-ka/115738?from=search
Scuderia Ferrari x Puma Speedcat Rosso Corsa,5330000,IDR,https://www.kickavenue.com/sneakers/puma/scuderia-ferrari-x-puma-speedcat-rosso-corsa-306796-02-ka/110222?from=search
Adidas Samba Nylon Wales Bonner Fox Brown,5400000,IDR,https://www.kickavenue.com/sneakers/adidas/adidas-samba-nylon-wales-bonner-fox-brown-ie0579-ka/74666?from=search
Air Jordan 1 Retro Low OG Game Royal,5470000,IDR,https://www.kickavenue.com/sneakers/air-jordan/air-jordan-1-retro-low-og-game-royal-cz0790-140-ka/113726?from=search
Nike SB Dunk Low Born X Raised One Block At A Time,6070000,IDR,https://www.kickavenue.com/sneakers/nike/nike-sb-dunk-low-born-x-raised-one-block-at-a-time-fn7819-400-ka/62578?from=search
Jordan 4 Retro Travis Scott Cactus Jack,6300000,IDR,https://www.kickavenue.com/sneakers/air-jordan/jordan-4-retro-travis-scott-cactus-jack-308497-406-ka-2/1259?from=search
Nike Air Force 1 Low G-Dragon Peaceminusone Para-Noise 2.0,6650000,IDR,https://www.kickavenue.com/sneakers/nike/nike-air-force-1-low-g-dragon-peaceminusone-para-noise-20-dd3223-100-ka/15031?from=search
Air Jordan 1 Retro Low OG SP Travis Scott Medium Olive,7880000,IDR,https://www.kickavenue.com/sneakers/air-jordan/air-jordan-1-retro-low-og-sp-travis-scott-medium-olive-dm7866-200-ka/109895?from=search
Air Jordan 1 Low Fragment x Travis Scott,9000000,IDR,https://www.kickavenue.com/sneakers/air-jordan/jordan-1-low-fragment-x-travis-scott-dm7866-140-ka-2/24725?from=search
Air Jordan 1 Retro High Off-White White,50000000,IDR,https://www.kickavenue.com/sneakers/air-jordan/jordan-1-retro-high-off-white-white-aq0818-100-ka/635?from=search
Air Jordan 1 Retro High Dior,102600000,IDR,https://www.kickavenue.com/sneakers/air-jordan/jordan-1-retro-high-dior-cn8607-002-ka-2/5964?from=search
Air Jordan 1 Retro Low Dior,105630000,IDR,https://www.kickavenue.com/sneakers/air-jordan/jordan-1-retro-low-dior-cn8608-002-ka-2/9491?from=search
Nike Air Force 1 Low Off-White ComplexCon,239920000,IDR,https://www.kickavenue.com/sneakers/nike/nike-air-force-1-low-off-white-complexcon-ao4297-100-ka/667?from=search
